Kitap Adı,Fiyat
Hamnet,"207,80TL"
Algernon'a Çiçekler,"206,25TL"
Bahçıvan ve Ölüm,"237,86TL"
Annemin Uyurgezer Geceleri,"249,52TL"
Sufle Severler Sahnesi & Suçun Şahsiliği,"107,25TL"
Bir Ömür Nasıl Yaşanır? & Hayatta Doğru Seçimler İçin Öneriler,"206,86TL"
Ene & Sus Ey Nefsim!,"175,00TL"
Sıfır Kural Sınıfı & Özgürlüğün Sınırları,"91,20TL"
Muazzam Dünya: Beş Duyunun Ötesine Yolculuk,"233,70TL"
Altı Harfli Bir Tatlı,"214,37TL"
Bekle Beni,"203,02TL"
Telefon Melefon Yok,"176,90TL"
Yıldızlara Yakın,"120,31TL"
İnsan Geleceğini Nasıl Kurar? & Kendini İnşa Etmenin Yolları,"206,86TL"
Yaşamak,"160,70TL"
Saatleri Ayarlama Enstitüsü,"230,00TL"
Fatih Sultan Mehmed,"292,19TL"
Gülün Açtığı Gece,"295,00TL"
Söyleme Bilmesinler,"188,41TL"
Çocuklar İçin Kuran Tefsiri - Kuran Çocuklarla Konuşuyor (Fleksi Kapak),"556,25TL"
İslam Düşüncesinde Epistemoloji ve Ontoloji (Bilgi ve Varlık),"378,00TL"
Her Şey Mümkün: Bir Lucy Barton Romanı,"213,13TL"
Menopoz Elkitabı,"362,50TL"
İngiliz Posta Arabası,"87,00TL"
Ela Gözlü Pars Celile (Ciltli),"377,00TL"
Süper Kızlar Takımı 2 / Görevimiz Kendini Koruma,"156,00TL"
Şahitlik Kuramı,"253,50TL"
3 Dakikada Bilim 3 / Sıra Dışı Kariyerler,"156,00TL"
İnsan Vücudu Macerası 2 / Kan ve Kalp,"156,00TL"
Özgür İrade Üzerine,"101,50TL"
Milliyetçilik,"427,00TL"
التكايا والسرايا / et-Tekaya ve's-Seraya,"217,69TL"
Yeni Başlayanlar İçin Yazar Olma Sanatı,"280,00TL"
Dil Hastalıkları ve Korunma Yolları (Dil Yarası),"168,00TL"
Emanet Gelin Set,"681,85TL"
Kur'an'la İletişimin Yöntemi,"444,28TL"
Neden Savaş,"121,80TL"
Umuda Direnen Aşk,"192,50TL"
Şiirle Direniş,"171,88TL"
Şiirin Öfkesi Şairin Yüzü,"137,50TL"
Hamnet,"207,80TL"
Masumiyet Müzesi,"349,20TL"
Annemin Uyurgezer Geceleri,"249,52TL"
Sufle Severler Sahnesi & Suçun Şahsiliği,"107,25TL"
Bahçıvan ve Ölüm,"237,86TL"
Algernon'a Çiçekler,"206,25TL"
Telefon Melefon Yok,"176,90TL"
Altı Harfli Bir Tatlı,"214,37TL"
Bekle Beni,"203,02TL"
Yaşamak,"160,70TL"
Yıldızlara Yakın,"120,31TL"
Çocuklar İçin Kuran Tefsiri - Kuran Çocuklarla Konuşuyor (Fleksi Kapak),"556,25TL"
El Kızı,"321,46TL"
İyilik Timi,"120,31TL"
Gece Yarısı Kütüphanesi,"207,30TL"
Söyleme Bilmesinler,"188,41TL"
Hz. Muhammed (sav) İçin Bülbülün Kırk Şarkısı (Karton Kapak),"353,91TL"
Dil Belası - Dilin Afetleri,"88,00TL"
Sıfır Kural Sınıfı & Özgürlüğün Sınırları,"91,20TL"
Saatleri Ayarlama Enstitüsü,"230,00TL"
